{     
    "a":          { "attributes": ["href", "hreflang", "media", "rel", "target", "type", "node"] },
    "abbr":       { "attributes": [] },
    "address":    { "attributes": [] },
    "area":       { "attributes": ["alt", "coords", "href", "hreflang", "media", "rel", "shape", "target", "type"] },
    "article":    { "attributes": [] },
    "aside":      { "attributes": [] },
    "audio":      { "attributes": ["autoplay", "controls", "loop", "mediagroup", "muted", "preload", "src", "is", "name", "volume"] },
    "b":          { "attributes": [] },
    "base":       { "attributes": ["href", "target"] },
    "bdi":        { "attributes": [] },
    "bdo":        { "attributes": [] },
    "big":        { "attributes": [] },
    "blockquote": { "attributes": ["cite"] },
    "body":       { "attributes": ["onafterprint", "onbeforeprint", "onbeforeunload", "onhashchange", "onmessage", "onoffline", "ononline",
                                   "onpagehide", "onpageshow", "onpopstate", "onredo", "onresize", "onstorage", "onundo", "onunload"] },
    "br":         { "attributes": [] },
    "button":     { "attributes": ["autofocus", "disabled", "form", "formaction", "formenctype", "formmethod", "formnovalidate", "formtarget", 
                                   "name", "type", "value"] },
    "canvas":     { "attributes": ["height", "width"] },
    "caption":    { "attributes": [] },
    "cite":       { "attributes": [] },
    "code":       { "attributes": [] },
    "col":        { "attributes": ["span"] },
    "colgroup":   { "attributes": ["span"] },
    "command":    { "attributes": ["checked", "disabled", "icon", "label", "radiogroup", "type"] },
    "datalist":   { "attributes": [] },
    "dd":         { "attributes": [] },
    "del":        { "attributes": ["cite", "datetime"] },
    "details":    { "attributes": ["open"] },
    "dfn":        { "attributes": [] },
    "dialog":     { "attributes": ["open"] },
    "div":        { "attributes": [] },
    "dl":         { "attributes": [] },
    "dt":         { "attributes": [] },
    "dom-module": { "attributes": ["attributes"] },
    "em":         { "attributes": [] },
    "embed":      { "attributes": ["height", "src", "type", "width"] },
    "fieldset":   { "attributes": ["disabled", "form", "name"] },
    "figcaption": { "attributes": [] },
    "figure":     { "attributes": [] },
    "footer":     { "attributes": [] },
    "form":       { "attributes": ["accept-charset", "action", "autocomplete", "enctype", "method", "name", "novalidate", "target"] },
    "h1":         { "attributes": [] },
    "h2":         { "attributes": [] },
    "h3":         { "attributes": [] },
    "h4":         { "attributes": [] },
    "h5":         { "attributes": [] },
    "h6":         { "attributes": [] },
    "head":       { "attributes": [] },
    "header":     { "attributes": [] },
    "hgroup":     { "attributes": [] },
    "hr":         { "attributes": [] },
    "html":       { "attributes": ["manifest", "xml:lang", "xmlns"] },
    "i":          { "attributes": [] },
    "iframe":     { "attributes": ["height", "name", "sandbox", "seamless", "src", "srcdoc", "width"] },
    "ilayer":     { "attributes": [] },
    "img":        { "attributes": ["alt", "height", "ismap", "longdesc", "src", "usemap", "width"] },
    "input":      { "attributes": ["accept", "alt", "autocomplete", "autofocus", "checked", "dirname", "disabled", "form", "formaction", "formenctype", "formmethod", 
                                   "formnovalidate", "formtarget", "height", "list", "max", "maxlength", "min", "multiple", "name", "pattern", "placeholder", "readonly", 
                                   "required", "size", "src", "step", "type", "value", "width"] },
    "ins":        { "attributes": ["cite", "datetime"] },
    "kbd":        { "attributes": [] },
    "keygen":     { "attributes": ["autofocus", "challenge", "disabled", "form", "keytype", "name"] },
    "label":      { "attributes": ["for", "form"] },
    "legend":     { "attributes": [] },
    "li":         { "attributes": ["value"] },
    "link":       { "attributes": ["disabled", "href", "hreflang", "media", "rel", "sizes", "type"] },
    "main":       { "attributes": [] },
    "map":        { "attributes": ["name"] },
    "mark":       { "attributes": [] },
    "marquee":    { "attributes": ["align", "behavior", "bgcolor", "direction", "height", "hspace", "loop", "scrollamount", "scrolldelay", "truespeed", "vspace", "width"] },
    "menu":       { "attributes": ["label", "type"] },
    "meta":       { "attributes": ["charset", "content", "http-equiv", "name"] },
    "meter":      { "attributes": ["form", "high", "low", "max", "min", "optimum", "value"] },
    "nav":        { "attributes": [] },
    "noscript":   { "attributes": [] },
    "object":     { "attributes": ["archive", "codebase", "codetype", "data", "declare", "form", "height", "name", "standby", "type", "usemap", "width"] },
    "ol":         { "attributes": ["reversed", "start", "type"] },
    "optgroup":   { "attributes": ["disabled", "label"] },
    "option":     { "attributes": ["disabled", "label", "selected", "value"] },
    "output":     { "attributes": ["for", "form", "name"] },
    "p":          { "attributes": [] },
    "param":      { "attributes": ["name", "value"] },
    "pre":        { "attributes": [] },
    "progress":   { "attributes": ["form", "max", "value"] },
    "q":          { "attributes": ["cite"] },
    "rp":         { "attributes": [] },
    "rt":         { "attributes": [] },
    "ruby":       { "attributes": [] },
    "samp":       { "attributes": [] },
    "script":     { "attributes": ["async", "charset", "defer", "src", "type"] },
    "section":    { "attributes": [] },
    "select":     { "attributes": ["autofocus", "disabled", "form", "multiple", "name", "required", "size"] },
    "small":      { "attributes": [] },
    "source":     { "attributes": ["media", "src", "type"] },
    "span":       { "attributes": [] },
    "strong":     { "attributes": [] },
    "style":      { "attributes": ["disabled", "media", "scoped", "type", "is"] },
    "sub":        { "attributes": [] },
    "summary":    { "attributes": [] },
    "sup":        { "attributes": [] },
    "table":      { "attributes": ["border"] },
    "tbody":      { "attributes": [] },
    "td":         { "attributes": ["colspan", "headers", "rowspan"] },
    "textarea":   { "attributes": ["autofocus", "cols", "dirname", "disabled", "form", "label", "maxlength", "name", "placeholder", "readonly", "required", "rows", "wrap"] },
    "tfoot":      { "attributes": [] },
    "th":         { "attributes": ["colspan", "headers", "rowspan", "scope"] },
    "thead":      { "attributes": [] },
    "time":       { "attributes": ["datetime", "pubdate"] },
    "title":      { "attributes": [] },
    "tr":         { "attributes": [] },
    "track":      { "attributes": ["default", "kind", "label", "src", "srclang"] },
    "tt":         { "attributes": [] },
    "ul":         { "attributes": [] },
    "var":        { "attributes": [] },
    "video":      { "attributes": ["autoplay", "controls", "height", "loop", "mediagroup", "muted", "poster", "preload", "src", "width", "is"] },
    "wbr":        { "attributes": [] },
    
    
    "inkd-ml":                  { "attributes": ["debug", 
                                                 "track", 
                                                 "user-id", 
                                                 "bookmark",
                                                 "topic",
                                                 "no-exit-warn"] },
    
    "inkd-include":             { "attributes": ["content"] },
    
    "inkd-content":             { "attributes": ["name"] },
    
    "inkd-if":                  { "attributes": ["rule"] },
    
    "inkd-else":                { "attributes": [] },
    
    "inkd-value":               { "attributes": ["prop"] },
    
    "inkd-cyoa":                { "attributes": ["no-scroll",
                                                 "name", 
                                                 "layout", "theme",
                                                 "set-prop", 
                                                 "play-audio", "pause-audio", "restart-audio", "set-audio-volume",
                                                 "play-video", "pause-video", "restart-video", "set-video-volume",
                                                 "show-modal", "hide-modal", 
                                                 "save-track",
                                                 "track-tag", "track-data"] },
    
    "inkd-node":                { "attributes": ["start", 
                                                 "name",
                                                 "topic", "number",
                                                 "layout", "theme", 
                                                 "set-prop", 
                                                 "play-audio", "pause-audio", "restart-audio", "set-audio-volume",
                                                 "play-video", "pause-video", "restart-video", "set-video-volume", 
                                                 "show-modal", "hide-modal", 
                                                 "save-track",
                                                 "track-tag", "track-data"] },
    
    "inkd-outline":             { "attributes": ["cyoa", 
                                                 "data"] },
    
    "inkd-button":              { "attributes": ["reload",
                                                 "save-track",
                                                 "disabled", "tabindex",
                                                 "name",
                                                 "validate", "reset",
                                                 "goto", "restart", 
                                                 "set-prop", 
                                                 "play-audio", "pause-audio", "restart-audio", "set-audio-volume",
                                                 "play-video", "pause-video", "restart-video", "set-video-volume",
                                                 "show-modal", "hide-modal", 
                                                 "save-track",
                                                 "track-tag", "track-data"] },
    
    "inkd-action":              { "attributes": ["reload",
                                                 "save-track",
                                                 "disabled", "tabindex",
                                                 "validate", "reset",
                                                 "goto", "restart", 
                                                 "set-prop", 
                                                 "play-audio", "pause-audio", "restart-audio", "set-audio-volume",
                                                 "play-video", "pause-video", "restart-video", "set-video-volume",
                                                 "show-modal", "hide-modal", 
                                                 "save-track",
                                                 "track-tag", "track-data"] },
    
    "inkd-pano":                { "attributes": ["width", "height", 
                                                 "fade-time", 
                                                 "up", "right", 
                                                 "field", 
                                                 "min-tilt", "max-tilt",
                                                 "autorotate", 
                                                 "no-zoom", 
                                                 "controls", 
                                                 "name", 
                                                 "set-prop", 
                                                 "play-audio", "pause-audio", "restart-audio", "set-audio-volume",
                                                 "play-video", "pause-video", "restart-video", "set-video-volume",
                                                 "show-modal", "hide-modal", 
                                                 "save-track",
                                                 "track-tag", "track-data"] },
    
    "inkd-pano-scene":          { "attributes": ["src", 
                                                 "up", "right", 
                                                 "field", 
                                                 "min-tilt", "max-tilt",
                                                 "autorotate", 
                                                 "no-zoom", 
                                                 "controls", 
                                                 "start", 
                                                 "name", 
                                                 "set-prop", 
                                                 "play-audio", "pause-audio", "restart-audio", "set-audio-volume",
                                                 "play-video", "pause-video", "restart-video", "set-video-volume",
                                                 "show-modal", "hide-modal", 
                                                 "save-track",
                                                 "track-tag", "track-data"] },
    
    "inkd-pano-hotspot":        { "attributes": ["up", "right", 
                                                 "reload",
                                                 "save-track",
                                                 "disabled", "tabindex",
                                                 "validate", "reset",
                                                 "goto", "restart", 
                                                 "set-prop", 
                                                 "play-audio", "pause-audio", "restart-audio", "set-audio-volume",
                                                 "play-video", "pause-video", "restart-video", "set-video-volume",
                                                 "show-modal", "hide-modal", 
                                                 "save-track",
                                                 "track-tag", "track-data"] },
    
    "inkd-img":                 { "attributes": ["src",
                                                 "name",
                                                 "preload", 
                                                 "width", 
                                                 "height", 
                                                 "alt", 
                                                 "longdesc"] },
    
    "inkd-audio":               { "attributes": ["src", 
                                                 "name", 
                                                 "volume", 
                                                 "autoplay",
                                                 "preload",
                                                 "loop", 
                                                 "controls", 
                                                 "track-tag", "track-data"] },
    
    "inkd-video":               { "attributes": ["src", 
                                                 "name", 
                                                 "volume", 
                                                 "autoplay",
                                                 "preload",
                                                 "loop",
                                                 "controls",
                                                 "width",
                                                 "height", 
                                                 "track-tag", "track-data"] },
    
    "inkd-a":                   { "attributes": ["href", 
                                                 "node", 
                                                 "props", 
                                                 "tabindex", 
                                                 "track-tag", "track-data"] },
    
    "inkd-box":                 { "attributes": ["effect", "animation", 
                                                 "layout", "theme"] },
            
    "inkd-over":                { "attributes": ["box", "on",
                                                 "x", "y", 
                                                 "swap", 
                                                 "transition", 
                                                 "effect", "animation",
                                                 "no-toggle",
                                                 "play-audio", "pause-audio", "restart-audio", "set-audio-volume",
                                                 "play-video", "pause-video", "restart-video", "set-video-volume",
                                                 "show-modal", "hide-modal",
                                                 "save-track"] },
    
    "inkd-down":                { "attributes": ["box", "on",
                                                 "x", "y", 
                                                 "swap", 
                                                 "transition", 
                                                 "effect", "animation",
                                                 "no-toggle",
                                                 "play-audio", "pause-audio", "restart-audio", "set-audio-volume",
                                                 "play-video", "pause-video", "restart-video", "set-video-volume",
                                                 "show-modal", "hide-modal",
                                                 "save-track"] },
    
    "inkd-click":               { "attributes": ["box", "on",
                                                 "x", "y", 
                                                 "swap", 
                                                 "transition", 
                                                 "effect", "animation",
                                                 "no-toggle",
                                                 "play-audio", "pause-audio", "restart-audio", "set-audio-volume",
                                                 "play-video", "pause-video", "restart-video", "set-video-volume",
                                                 "show-modal", "hide-modal",
                                                 "save-track"] },
    
    "inkd-modal":               { "attributes": ["name", 
                                                 "width", "height", 
                                                 "x", "y", 
                                                 "no-close",
                                                 "no-fullscreen",
                                                 "layout", "theme", 
                                                 "track-tag", "track-data"] },
    
    "inkd-textarea":            { "attributes": ["name",  
                                                 "autofocus", 
                                                 "save-remote",
                                                 "track-tag", "track-data"] },
    
    "inkd-dd":                  { "attributes": ["no-menu", 
                                                 "no-linked-sections", 
                                                 "auto-validate", "goto", 
                                                 "name"] },
    
    "inkd-drag-section":        { "attributes": ["label", 
                                                 "auto-validate", "goto",
                                                 "name"] },
    
    "inkd-drop-section":        { "attributes": ["label", 
                                                 "correct", 
                                                 "allow", "reject", 
                                                 "allow-multiple", 
                                                 "auto-validate", "goto",
                                                 "name"] },
    
    "inkd-draggable":           { "attributes": ["auto-validate", "goto",
                                                 "name"] },
    
    "inkd-droptarget":          { "attributes": ["correct", 
                                                 "allow", "reject", 
                                                 "auto-validate", "goto",
                                                 "allow-multiple",  
                                                 "name"] },
    
    "inkd-mc":                  { "attributes": ["name", 
                                                 "no-prev"] },
    
    "inkd-mc-section":          { "attributes": ["name", 
                                                 "allow-multiple", 
                                                 "required"] },
    
    "inkd-mc-question":         { "attributes": ["name", 
                                                 "allow-multiple", 
                                                 "required"] },
    
    "inkd-mc-option":           { "attributes": ["name",
                                                 "correct", 
                                                 "checked"] },
    
    "inkd-mc-multimedia":       { "attributes": [] },
    
    "inkd-feedback":            { "attributes": ["wrong"] }

}